refine,k_err,k_err,k_ratio,ratio,ratio_err,ratio_ratio
0,0.886982,536.70,4.00,0.260236,1.09E-03,4.65
1,0.891008,134.10,4.00,0.261090,2.34E-04,3.63
2,0.892013,33.56,4.00,0.261260,6.45E-05,3.62
3,0.892265,8.39,4.00,0.261306,1.78E-05,4.27
4,0.892328,2.10,4.00,0.261320,4.18E-06,3.78
5,0.892344,0.52,4.00,0.261323,1.11E-06,4.02
6,0.892348,0.13,,0.261324,2.75E-07,
