refine,k_eff,k_err,k_ratio,rms,rms_ratio,L1,L1_ratio,L2,L2_ratio,Linf,Linf_ratio
0,0.961693,49.49,3.99,6.24E-04,3.29,3.55E-01,0.83,1.70E-02,1.67,2.73E-03,3.50
1,0.962064,12.40,4.00,1.90E-04,3.30,4.31E-01,0.84,1.02E-02,1.66,7.81E-04,3.35
2,0.962157,3.10,4.00,5.76E-05,3.28,5.12E-01,0.84,6.14E-03,1.64,2.33E-04,3.13
3,0.962180,0.78,4.00,1.76E-05,3.05,6.13E-01,0.79,3.73E-03,1.53,7.45E-05,3.28
4,0.962186,0.19,4.01,5.76E-06,2.41,7.80E-01,0.64,2.44E-03,1.20,2.27E-05,2.75
5,0.962188,0.05,,2.39E-06,,1.22E+00,,2.03E-03,,8.27E-06,
