,MAT1,MAT2,MAT3,MAT4,MAT5
D1,1.346600E+00,1.337700E+00,1.332200E+00,1.195300E+00,1.448500E+00
D2,3.716900E-01,3.691800E-01,3.650200E-01,1.931300E-01,2.517600E-01
\Sigma{r1},2.525500E-02,2.470900E-02,2.435000E-02,3.563600E-02,3.318400E-02
\Sigma{r2},6.427700E-02,7.936100E-02,1.001000E-01,1.349800E-01,3.283900E-02
\Sigma{s 1\rightarrow 2},1.689300E-02,1.591200E-02,1.488800E-02,2.226400E-02,3.226200E-02
\nu \Sigma{f1},4.448800E-03,5.533700E-03,7.039100E-03,,
\nu \Sigma{f2},7.375300E-02,1.058100E-01,1.496400E-01,,
