K_ANALYTIC,0.8923490250,,,RATIO_ANALYTIC,0.26132419,
refine,k_err,k_err,k_ratio,ratio,ratio_err (rel),ratio_ratio
0,0.886982,536.70,4.00,0.260236,-4.16E-03,4.65
1,0.891008,134.10,3.99,0.261090,-8.96E-04,3.65
2,0.892013,33.58,3.95,0.261260,-2.46E-04,3.53
3,0.892264,8.50,3.71,0.261306,-6.96E-05,4.34
4,0.892326,2.29,2.55,0.261320,-1.60E-05,3.52
5,0.892340,0.90,7.10,0.261323,-4.55E-06,6.26
6,0.892348,0.13,,0.261324,-7.27E-07,
